"site_jurisdiction_assignment_id","site_id","site_code","jurisdiction_id","jurisdiction_code","proposed_assignment_status","proposed_effective_from","effective_date_approval_status","source_reference","evidence_status","notes"
"d57528b6-0135-529d-8c99-7830fabb82fc","270aaaff-6e3a-5b22-acb1-144ea95d5e20","ALABANG-TOWN-CENTER","d7ef112d-06ee-b57c-34b6-fae8c457a0c6","MUNTINLUPA","PENDING_APPROVAL","","OPERATOR_APPROVAL_REQUIRED","Carparks.xlsx Sheet1 row 44; Carparks.xlsx Sheet1 row 44; exitpassdb_v1.2 objects/reference-data/sites.philippine-lgus.seed.sql at 1e307c2bd56c2738a92cdd87571f6caeeaf07b3d","OPERATOR_WORKBOOK_AND_CANONICAL_JURISDICTION","Proposed current assignment; future SQL must require an approved effective date and remain non-operational until separately activated."
"20e28490-4607-5615-9674-c29e45fcfa07","e2792ce4-29e8-513d-b08d-b43ae4a212ac","ARYA-RESIDENCES","c7514a40-c898-f3a2-0bfa-530b26daa273","TAGUIG","PENDING_APPROVAL","","OPERATOR_APPROVAL_REQUIRED","Carparks.xlsx Sheet1 row 9; Carparks.xlsx Sheet1 row 9; exitpassdb_v1.2 objects/reference-data/sites.philippine-lgus.seed.sql at 1e307c2bd56c2738a92cdd87571f6caeeaf07b3d","OPERATOR_WORKBOOK_AND_CANONICAL_JURISDICTION","Proposed current assignment; future SQL must require an approved effective date and remain non-operational until separately activated."
"fe112476-454c-576f-a490-713d64651312","5360fb17-35f4-5200-b407-22515191e88d","AYALA-OPEN-LOT","557b0a76-8ffe-0818-d342-5b86dba06705","MAKATI","PENDING_APPROVAL","","OPERATOR_APPROVAL_REQUIRED","Carparks.xlsx Sheet1 row 47; Carparks.xlsx Sheet1 row 47; exitpassdb_v1.2 objects/reference-data/sites.philippine-lgus.seed.sql at 1e307c2bd56c2738a92cdd87571f6caeeaf07b3d","OPERATOR_WORKBOOK_AND_CANONICAL_JURISDICTION","Proposed current assignment; future SQL must require an approved effective date and remain non-operational until separately activated."
"40c96505-4c51-50b4-b950-2ea3589e519f","4d138cea-f7f4-54a7-8f30-de1873153683","BRIDGETOWNE-OPEN-LOT-BLK-09","20650612-8f91-3b4a-bba8-5d8afe29ef5a","PASIG","PENDING_APPROVAL","","OPERATOR_APPROVAL_REQUIRED","Carparks.xlsx Sheet1 row 37; Carparks.xlsx Sheet1 row 37; exitpassdb_v1.2 objects/reference-data/sites.philippine-lgus.seed.sql at 1e307c2bd56c2738a92cdd87571f6caeeaf07b3d; workbook identifies exact Block 15/09 rows as PASIG; DENR EIS and Pasig directory place Bridgetowne East/Rosario in Pasig","OPERATOR_WORKBOOK_PLUS_OFFICIAL_GOVERNMENT_CORROBORATION","Proposed current assignment; future SQL must require an approved effective date and remain non-operational until separately activated."
"50ebd43f-3259-5238-8c9c-938838785f32","b4158151-e61b-5410-94ff-7715bffbf62e","BRIDGETOWNE-OPEN-LOT-BLK-15","20650612-8f91-3b4a-bba8-5d8afe29ef5a","PASIG","PENDING_APPROVAL","","OPERATOR_APPROVAL_REQUIRED","Carparks.xlsx Sheet1 row 36; Carparks.xlsx Sheet1 row 36; exitpassdb_v1.2 objects/reference-data/sites.philippine-lgus.seed.sql at 1e307c2bd56c2738a92cdd87571f6caeeaf07b3d; workbook identifies exact Block 15/09 rows as PASIG; DENR EIS and Pasig directory place Bridgetowne East/Rosario in Pasig","OPERATOR_WORKBOOK_PLUS_OFFICIAL_GOVERNMENT_CORROBORATION","Proposed current assignment; future SQL must require an approved effective date and remain non-operational until separately activated."
"b56453a6-da0a-5548-88f6-2fe14fa6793c","1cef054e-4254-58bd-b0b7-060cca9418d6","CYBER-BETA","20650612-8f91-3b4a-bba8-5d8afe29ef5a","PASIG","PENDING_APPROVAL","","OPERATOR_APPROVAL_REQUIRED","Carparks.xlsx Sheet1 row 25; Carparks.xlsx Sheet1 row 25; exitpassdb_v1.2 objects/reference-data/sites.philippine-lgus.seed.sql at 1e307c2bd56c2738a92cdd87571f6caeeaf07b3d","OPERATOR_WORKBOOK_AND_CANONICAL_JURISDICTION","Proposed current assignment; future SQL must require an approved effective date and remain non-operational until separately activated."
"4deac6ec-65db-5666-b328-3195682b2b44","26189a6a-1f29-5591-8467-0e40085bce2f","CYBER-EXXA-TOWER","79893901-65d3-7c29-0099-25e937a7c8c9","QUEZON_CITY","PENDING_APPROVAL","","OPERATOR_APPROVAL_REQUIRED","Carparks.xlsx Sheet1 row 4; Carparks.xlsx Sheet1 row 4; exitpassdb_v1.2 objects/reference-data/sites.philippine-lgus.seed.sql at 1e307c2bd56c2738a92cdd87571f6caeeaf07b3d","OPERATOR_WORKBOOK_AND_CANONICAL_JURISDICTION","Proposed current assignment; future SQL must require an approved effective date and remain non-operational until separately activated."
"5ffa9ae2-c728-5de2-8e05-63318001cf35","f13fbbdb-d707-519b-bf76-eefb79233005","CYBER-SIGMA","c7514a40-c898-f3a2-0bfa-530b26daa273","TAGUIG","PENDING_APPROVAL","","OPERATOR_APPROVAL_REQUIRED","Carparks.xlsx Sheet1 row 10; Carparks.xlsx Sheet1 row 10; exitpassdb_v1.2 objects/reference-data/sites.philippine-lgus.seed.sql at 1e307c2bd56c2738a92cdd87571f6caeeaf07b3d","OPERATOR_WORKBOOK_AND_CANONICAL_JURISDICTION","Proposed current assignment; future SQL must require an approved effective date and remain non-operational until separately activated."
"3f1021a6-9566-5c05-adb4-d55928c443f2","995fdc44-b216-5f5c-8760-5c942da3cb40","CYBER-TERA-CYBER-GIGA","79893901-65d3-7c29-0099-25e937a7c8c9","QUEZON_CITY","PENDING_APPROVAL","","OPERATOR_APPROVAL_REQUIRED","Carparks.xlsx Sheet1 row 26; Carparks.xlsx Sheet1 row 26; exitpassdb_v1.2 objects/reference-data/sites.philippine-lgus.seed.sql at 1e307c2bd56c2738a92cdd87571f6caeeaf07b3d","OPERATOR_WORKBOOK_AND_CANONICAL_JURISDICTION","Proposed current assignment; future SQL must require an approved effective date and remain non-operational until separately activated."
"54cf1f4f-f3c3-5599-8ea1-4fc7801f9f22","36cb6781-2372-5629-bff1-18c2ebf8897d","DELOS-SANTOS-HOSPITAL","79893901-65d3-7c29-0099-25e937a7c8c9","QUEZON_CITY","PENDING_APPROVAL","","OPERATOR_APPROVAL_REQUIRED","Carparks.xlsx Sheet1 row 15; Carparks.xlsx Sheet1 row 15; exitpassdb_v1.2 objects/reference-data/sites.philippine-lgus.seed.sql at 1e307c2bd56c2738a92cdd87571f6caeeaf07b3d","OPERATOR_WORKBOOK_AND_CANONICAL_JURISDICTION","Proposed current assignment; future SQL must require an approved effective date and remain non-operational until separately activated."
"38883ef7-dac1-536b-b42d-7029d9c78f95","b2885dd9-0424-5251-9769-ebe06c500daa","ESCOLTA","e5959354-04af-4540-9889-6e040b6cd399","MANILA","PENDING_APPROVAL","","OPERATOR_APPROVAL_REQUIRED","Carparks.xlsx Sheet1 row 34; Carparks.xlsx Sheet1 row 34; exitpassdb_v1.2 objects/reference-data/sites.philippine-lgus.seed.sql at 1e307c2bd56c2738a92cdd87571f6caeeaf07b3d","OPERATOR_WORKBOOK_AND_CANONICAL_JURISDICTION","Proposed current assignment; future SQL must require an approved effective date and remain non-operational until separately activated."
"37e060d1-3df0-5059-a021-416c4442a5c3","1b5b2105-dc5f-5294-a241-01f05de2dcdc","F-ORTIGAS-AVE","20650612-8f91-3b4a-bba8-5d8afe29ef5a","PASIG","PENDING_APPROVAL","","OPERATOR_APPROVAL_REQUIRED","Carparks.xlsx Sheet1 row 7; Carparks.xlsx Sheet1 row 7; exitpassdb_v1.2 objects/reference-data/sites.philippine-lgus.seed.sql at 1e307c2bd56c2738a92cdd87571f6caeeaf07b3d","OPERATOR_WORKBOOK_AND_CANONICAL_JURISDICTION","Proposed current assignment; future SQL must require an approved effective date and remain non-operational until separately activated."
"cf58a9be-983d-561e-9fc1-1fe6cd9787c8","1f3057bf-ccc3-5322-87ae-21c6be307d79","GRAND-CENTRAL-RESIDENCES","c7514a40-c898-f3a2-0bfa-530b26daa273","TAGUIG","PENDING_APPROVAL","","OPERATOR_APPROVAL_REQUIRED","Carparks.xlsx Sheet1 row 11; Carparks.xlsx Sheet1 row 11; exitpassdb_v1.2 objects/reference-data/sites.philippine-lgus.seed.sql at 1e307c2bd56c2738a92cdd87571f6caeeaf07b3d","OPERATOR_WORKBOOK_AND_CANONICAL_JURISDICTION","Proposed current assignment; future SQL must require an approved effective date and remain non-operational until separately activated."
"a8aee24f-3d25-55de-97d4-4c0cfb921beb","72ca5540-31dc-5a08-bced-e95a986f2902","INSULAR-VALRO","557b0a76-8ffe-0818-d342-5b86dba06705","MAKATI","PENDING_APPROVAL","","OPERATOR_APPROVAL_REQUIRED","Carparks.xlsx Sheet1 row 19; Carparks.xlsx Sheet1 row 19; exitpassdb_v1.2 objects/reference-data/sites.philippine-lgus.seed.sql at 1e307c2bd56c2738a92cdd87571f6caeeaf07b3d","OPERATOR_WORKBOOK_AND_CANONICAL_JURISDICTION","Proposed current assignment; future SQL must require an approved effective date and remain non-operational until separately activated."
"b9ef6902-118f-5726-a460-16de8eb93cc2","52936ca1-7e08-5ac7-aa53-68245330580d","LANDMARK-ALABANG","d7ef112d-06ee-b57c-34b6-fae8c457a0c6","MUNTINLUPA","PENDING_APPROVAL","","OPERATOR_APPROVAL_REQUIRED","Carparks.xlsx Sheet1 row 18; Carparks.xlsx Sheet1 row 18; exitpassdb_v1.2 objects/reference-data/sites.philippine-lgus.seed.sql at 1e307c2bd56c2738a92cdd87571f6caeeaf07b3d","OPERATOR_WORKBOOK_AND_CANONICAL_JURISDICTION","Proposed current assignment; future SQL must require an approved effective date and remain non-operational until separately activated."
"f54025df-0fe5-5a9b-9edf-ad3585c01c48","8cd1a8db-4fdc-5509-929d-4d9c2141ce9d","MACTAN-NEW-TOWN-AL-FRESCO","23104fc9-a144-381c-4347-ccb2aa1a2998","LAPU_LAPU","PENDING_APPROVAL","","OPERATOR_APPROVAL_REQUIRED","Carparks.xlsx Sheet1 row 39; Carparks.xlsx Sheet1 row 39; exitpassdb_v1.2 objects/reference-data/sites.philippine-lgus.seed.sql at 1e307c2bd56c2738a92cdd87571f6caeeaf07b3d; Megaworld township source identifies Lapu-Lapu City","OFFICIAL_DEVELOPER_SOURCE","Proposed current assignment; future SQL must require an approved effective date and remain non-operational until separately activated."
"8d5920a2-1467-5572-9536-0f9bcddd0246","615ca612-68d7-546d-9851-71acc6949b41","MACTAN-NEW-TOWN-BEACH-PARKING","23104fc9-a144-381c-4347-ccb2aa1a2998","LAPU_LAPU","PENDING_APPROVAL","","OPERATOR_APPROVAL_REQUIRED","Carparks.xlsx Sheet1 row 42; Carparks.xlsx Sheet1 row 42; exitpassdb_v1.2 objects/reference-data/sites.philippine-lgus.seed.sql at 1e307c2bd56c2738a92cdd87571f6caeeaf07b3d; Megaworld township source identifies Lapu-Lapu City","OFFICIAL_DEVELOPER_SOURCE","Proposed current assignment; future SQL must require an approved effective date and remain non-operational until separately activated."
"8e7a9251-d0be-5972-9fea-6dc233aa6b44","fb95fc53-3b2c-5920-9304-bbc3f3a51f5b","MACTAN-NEW-TOWN-MCDONALDS","23104fc9-a144-381c-4347-ccb2aa1a2998","LAPU_LAPU","PENDING_APPROVAL","","OPERATOR_APPROVAL_REQUIRED","Carparks.xlsx Sheet1 row 38; Carparks.xlsx Sheet1 row 38; exitpassdb_v1.2 objects/reference-data/sites.philippine-lgus.seed.sql at 1e307c2bd56c2738a92cdd87571f6caeeaf07b3d; Megaworld township source identifies Lapu-Lapu City","OFFICIAL_DEVELOPER_SOURCE","Proposed current assignment; future SQL must require an approved effective date and remain non-operational until separately activated."
"27e2d19e-c160-5953-9a8f-620e7451af45","0e5e13bb-f2fb-59ae-9ae7-dc5df820a9b9","MACTAN-NEW-TOWN-MUSEUM","23104fc9-a144-381c-4347-ccb2aa1a2998","LAPU_LAPU","PENDING_APPROVAL","","OPERATOR_APPROVAL_REQUIRED","Carparks.xlsx Sheet1 row 43; Carparks.xlsx Sheet1 row 43; exitpassdb_v1.2 objects/reference-data/sites.philippine-lgus.seed.sql at 1e307c2bd56c2738a92cdd87571f6caeeaf07b3d; Megaworld township source identifies Lapu-Lapu City","OFFICIAL_DEVELOPER_SOURCE","Proposed current assignment; future SQL must require an approved effective date and remain non-operational until separately activated."
"6a44873e-f609-5df2-863b-e7ec224338f7","4d6bbe58-fad5-5068-9000-f5aa843ccf58","MACTAN-NEW-TOWN-OPEN-LOT-GRAVEL","23104fc9-a144-381c-4347-ccb2aa1a2998","LAPU_LAPU","PENDING_APPROVAL","","OPERATOR_APPROVAL_REQUIRED","Carparks.xlsx Sheet1 row 40; Carparks.xlsx Sheet1 row 40; exitpassdb_v1.2 objects/reference-data/sites.philippine-lgus.seed.sql at 1e307c2bd56c2738a92cdd87571f6caeeaf07b3d; Megaworld township source identifies Lapu-Lapu City","OFFICIAL_DEVELOPER_SOURCE","Proposed current assignment; future SQL must require an approved effective date and remain non-operational until separately activated."
"230a6003-52df-5e33-a606-adbd8fc632b1","be420081-ed0a-5dbf-8721-71eb20312346","MACTAN-NEW-TOWN-OPR","23104fc9-a144-381c-4347-ccb2aa1a2998","LAPU_LAPU","PENDING_APPROVAL","","OPERATOR_APPROVAL_REQUIRED","Carparks.xlsx Sheet1 row 41; Carparks.xlsx Sheet1 row 41; exitpassdb_v1.2 objects/reference-data/sites.philippine-lgus.seed.sql at 1e307c2bd56c2738a92cdd87571f6caeeaf07b3d; Megaworld township source identifies Lapu-Lapu City","OFFICIAL_DEVELOPER_SOURCE","Proposed current assignment; future SQL must require an approved effective date and remain non-operational until separately activated."
"d4b4a106-6021-5626-9347-2bf2da9a6366","eef20dd3-20fc-572b-9574-939517abbd95","MAKATI-CINEMA-SQUARE","557b0a76-8ffe-0818-d342-5b86dba06705","MAKATI","PENDING_APPROVAL","","OPERATOR_APPROVAL_REQUIRED","Carparks.xlsx Sheet1 row 17; Carparks.xlsx Sheet1 row 17; exitpassdb_v1.2 objects/reference-data/sites.philippine-lgus.seed.sql at 1e307c2bd56c2738a92cdd87571f6caeeaf07b3d","OPERATOR_WORKBOOK_AND_CANONICAL_JURISDICTION","Proposed current assignment; future SQL must require an approved effective date and remain non-operational until separately activated."
"17273a18-1619-5d6e-af76-e45460bd1aba","53f6f0f6-4341-59e7-85f5-b526b1bdcbd0","MANILA-HOTEL","e5959354-04af-4540-9889-6e040b6cd399","MANILA","PENDING_APPROVAL","","OPERATOR_APPROVAL_REQUIRED","Carparks.xlsx Sheet1 row 24; Carparks.xlsx Sheet1 row 24; exitpassdb_v1.2 objects/reference-data/sites.philippine-lgus.seed.sql at 1e307c2bd56c2738a92cdd87571f6caeeaf07b3d","OPERATOR_WORKBOOK_AND_CANONICAL_JURISDICTION","Proposed current assignment; future SQL must require an approved effective date and remain non-operational until separately activated."
"da2aced6-e999-582b-833d-cb0be1724b88","e850eaad-6903-5cf7-aeb1-e0bb2e2d5a1c","MARCO-POLO-HOTEL","20650612-8f91-3b4a-bba8-5d8afe29ef5a","PASIG","PENDING_APPROVAL","","OPERATOR_APPROVAL_REQUIRED","Carparks.xlsx Sheet1 row 27; Carparks.xlsx Sheet1 row 27; exitpassdb_v1.2 objects/reference-data/sites.philippine-lgus.seed.sql at 1e307c2bd56c2738a92cdd87571f6caeeaf07b3d","OPERATOR_WORKBOOK_AND_CANONICAL_JURISDICTION","Proposed current assignment; future SQL must require an approved effective date and remain non-operational until separately activated."
"c6d00b0c-b3d9-5480-be6a-5a80563e73f1","d1ccd074-2fe9-570f-b9d7-03970bbc6e8e","MERALCO-AVE","20650612-8f91-3b4a-bba8-5d8afe29ef5a","PASIG","PENDING_APPROVAL","","OPERATOR_APPROVAL_REQUIRED","Carparks.xlsx Sheet1 row 8; Carparks.xlsx Sheet1 row 8; exitpassdb_v1.2 objects/reference-data/sites.philippine-lgus.seed.sql at 1e307c2bd56c2738a92cdd87571f6caeeaf07b3d","OPERATOR_WORKBOOK_AND_CANONICAL_JURISDICTION","Proposed current assignment; future SQL must require an approved effective date and remain non-operational until separately activated."
"ddf249f1-0183-5237-850a-3d97ecd3ef70","eb98130b-edb7-5a3f-90d5-8d474809e936","NATIONAL-BOOKSTORE","79893901-65d3-7c29-0099-25e937a7c8c9","QUEZON_CITY","PENDING_APPROVAL","","OPERATOR_APPROVAL_REQUIRED","Carparks.xlsx Sheet1 row 16; Carparks.xlsx Sheet1 row 16; exitpassdb_v1.2 objects/reference-data/sites.philippine-lgus.seed.sql at 1e307c2bd56c2738a92cdd87571f6caeeaf07b3d","OPERATOR_WORKBOOK_AND_CANONICAL_JURISDICTION","Proposed current assignment; future SQL must require an approved effective date and remain non-operational until separately activated."
"bcfd54b6-c233-5491-b961-14c1b3b3c161","07d89135-6777-597c-9523-0b29756a9086","PEARL-DRIVE","20650612-8f91-3b4a-bba8-5d8afe29ef5a","PASIG","PENDING_APPROVAL","","OPERATOR_APPROVAL_REQUIRED","Carparks.xlsx Sheet1 row 29; Carparks.xlsx Sheet1 row 29; exitpassdb_v1.2 objects/reference-data/sites.philippine-lgus.seed.sql at 1e307c2bd56c2738a92cdd87571f6caeeaf07b3d","OPERATOR_WORKBOOK_AND_CANONICAL_JURISDICTION","Proposed current assignment; future SQL must require an approved effective date and remain non-operational until separately activated."
"2574804d-e93c-52f9-a917-81c08e44c30f","2d1dcdf8-f563-537c-8542-0bde7cc9da97","PITX-LEVEL-3","f7a1b4b9-17a9-89de-5059-f72779616f23","PARANAQUE","PENDING_APPROVAL","","OPERATOR_APPROVAL_REQUIRED","Carparks.xlsx Sheet1 row 2; Carparks.xlsx Sheet1 row 2; exitpassdb_v1.2 objects/reference-data/sites.philippine-lgus.seed.sql at 1e307c2bd56c2738a92cdd87571f6caeeaf07b3d; PITX official address and parking pages","OFFICIAL_OPERATOR_SOURCE","Proposed current assignment; future SQL must require an approved effective date and remain non-operational until separately activated."
"e078aec8-7a00-57eb-a377-2d31067e2d8f","b336964f-3b84-5404-8690-97ead0929b1f","PITX-OPEN-LOT","f7a1b4b9-17a9-89de-5059-f72779616f23","PARANAQUE","PENDING_APPROVAL","","OPERATOR_APPROVAL_REQUIRED","Carparks.xlsx Sheet1 row 3; Carparks.xlsx Sheet1 row 3; exitpassdb_v1.2 objects/reference-data/sites.philippine-lgus.seed.sql at 1e307c2bd56c2738a92cdd87571f6caeeaf07b3d; PITX official address and parking pages","OFFICIAL_OPERATOR_SOURCE","Proposed current assignment; future SQL must require an approved effective date and remain non-operational until separately activated."
"5a2d904e-6baf-5b30-8090-ab85d8bbf424","37b1a6f0-1e9c-507a-b967-81e30e95ea05","ROBINSONS-CYBERGATE","20dcf68a-511f-8208-7dfa-1688425d4d66","MANDALUYONG","PENDING_APPROVAL","","OPERATOR_APPROVAL_REQUIRED","Carparks.xlsx Sheet1 row 23; Carparks.xlsx Sheet1 row 23; exitpassdb_v1.2 objects/reference-data/sites.philippine-lgus.seed.sql at 1e307c2bd56c2738a92cdd87571f6caeeaf07b3d","OPERATOR_WORKBOOK_AND_CANONICAL_JURISDICTION","Proposed current assignment; future SQL must require an approved effective date and remain non-operational until separately activated."
"9987081a-eaa3-59d1-ac75-22ac3cb9c0c5","0217b14a-5837-5599-99e1-356bcf5ea2cc","ROBINSONS-DAVAO-CITY-DELTA","2ebef844-416b-c827-357c-742d2c8d56aa","DAVAO_CITY","PENDING_APPROVAL","","OPERATOR_APPROVAL_REQUIRED","Carparks.xlsx Sheet1 row 46; Carparks.xlsx Sheet1 row 46; exitpassdb_v1.2 objects/reference-data/sites.philippine-lgus.seed.sql at 1e307c2bd56c2738a92cdd87571f6caeeaf07b3d; Robinsons Land identifies Cybergate Delta on J.P. Laurel Avenue in Davao City","OFFICIAL_DEVELOPER_SOURCE","Proposed current assignment; future SQL must require an approved effective date and remain non-operational until separately activated."
"116c046b-2799-5e03-a047-4b7a7e61139f","a37daf7e-b812-53dd-a3dd-b3889c375fb2","ROBINSONS-MALABON","46a4b330-a065-daad-5de5-16654b67164f","MALABON","PENDING_APPROVAL","","OPERATOR_APPROVAL_REQUIRED","Carparks.xlsx Sheet1 row 5; Carparks.xlsx Sheet1 row 5; exitpassdb_v1.2 objects/reference-data/sites.philippine-lgus.seed.sql at 1e307c2bd56c2738a92cdd87571f6caeeaf07b3d","OPERATOR_WORKBOOK_AND_CANONICAL_JURISDICTION","Proposed current assignment; future SQL must require an approved effective date and remain non-operational until separately activated."
"39493573-2f1c-5df3-bc9e-e445b0012a47","f5d0af07-2790-588f-b83c-c1c63f740582","ROBINSONS-OTIS","e5959354-04af-4540-9889-6e040b6cd399","MANILA","PENDING_APPROVAL","","OPERATOR_APPROVAL_REQUIRED","Carparks.xlsx Sheet1 row 20; Carparks.xlsx Sheet1 row 20; exitpassdb_v1.2 objects/reference-data/sites.philippine-lgus.seed.sql at 1e307c2bd56c2738a92cdd87571f6caeeaf07b3d","OPERATOR_WORKBOOK_AND_CANONICAL_JURISDICTION","Proposed current assignment; future SQL must require an approved effective date and remain non-operational until separately activated."
"144c4e09-9479-5569-98c7-28044b81e352","6042e5ee-d7da-5b4c-bcab-5815ef3591eb","ROBINSONS-PIONEER","20dcf68a-511f-8208-7dfa-1688425d4d66","MANDALUYONG","PENDING_APPROVAL","","OPERATOR_APPROVAL_REQUIRED","Carparks.xlsx Sheet1 row 21; Carparks.xlsx Sheet1 row 21; exitpassdb_v1.2 objects/reference-data/sites.philippine-lgus.seed.sql at 1e307c2bd56c2738a92cdd87571f6caeeaf07b3d","OPERATOR_WORKBOOK_AND_CANONICAL_JURISDICTION","Proposed current assignment; future SQL must require an approved effective date and remain non-operational until separately activated."
"b73704de-bf2c-504a-b5ee-a408c6c9312c","877d773f-b07c-5c0a-bef3-6983ddc2c767","ROCKWELL-PPM","557b0a76-8ffe-0818-d342-5b86dba06705","MAKATI","PENDING_APPROVAL","","OPERATOR_APPROVAL_REQUIRED","Carparks.xlsx Sheet1 row 12; Carparks.xlsx Sheet1 row 12; exitpassdb_v1.2 objects/reference-data/sites.philippine-lgus.seed.sql at 1e307c2bd56c2738a92cdd87571f6caeeaf07b3d","OPERATOR_WORKBOOK_AND_CANONICAL_JURISDICTION","Proposed current assignment; future SQL must require an approved effective date and remain non-operational until separately activated."
"7e43b258-aeed-501a-bdca-d7a50c260310","b1bed6db-61b5-5936-9e5b-780c4eaa0464","ROCKWELL-SANTOLAN","d20727ab-9024-d233-ab75-3d49245b452c","SAN_JUAN","PENDING_APPROVAL","","OPERATOR_APPROVAL_REQUIRED","Carparks.xlsx Sheet1 row 13; Carparks.xlsx Sheet1 row 13; exitpassdb_v1.2 objects/reference-data/sites.philippine-lgus.seed.sql at 1e307c2bd56c2738a92cdd87571f6caeeaf07b3d","OPERATOR_WORKBOOK_AND_CANONICAL_JURISDICTION","Proposed current assignment; future SQL must require an approved effective date and remain non-operational until separately activated."
"d46b47c1-ee38-5cb2-9327-3284ddd5a94c","7bc9ed78-ee43-52ca-997e-f4de6d92d572","ROCKWELL-SHERIDAN","20dcf68a-511f-8208-7dfa-1688425d4d66","MANDALUYONG","PENDING_APPROVAL","","OPERATOR_APPROVAL_REQUIRED","Carparks.xlsx Sheet1 row 14; Carparks.xlsx Sheet1 row 14; exitpassdb_v1.2 objects/reference-data/sites.philippine-lgus.seed.sql at 1e307c2bd56c2738a92cdd87571f6caeeaf07b3d","OPERATOR_WORKBOOK_AND_CANONICAL_JURISDICTION","Proposed current assignment; future SQL must require an approved effective date and remain non-operational until separately activated."
"9d8bad16-07f0-592d-be86-2be76d4eef68","cf15f183-5a4d-5257-9e6a-d167aafec86b","SM-GRACE-MALL","c7514a40-c898-f3a2-0bfa-530b26daa273","TAGUIG","PENDING_APPROVAL","","OPERATOR_APPROVAL_REQUIRED","Carparks.xlsx Sheet1 row 28; Carparks.xlsx Sheet1 row 28; exitpassdb_v1.2 objects/reference-data/sites.philippine-lgus.seed.sql at 1e307c2bd56c2738a92cdd87571f6caeeaf07b3d","OPERATOR_WORKBOOK_AND_CANONICAL_JURISDICTION","Proposed current assignment; future SQL must require an approved effective date and remain non-operational until separately activated."
"2f027e45-e9a6-5f31-8a72-985bbaf59a04","99999e0d-8edf-525b-99ac-a4722ca83e21","SM-GREEN-MALL","e5959354-04af-4540-9889-6e040b6cd399","MANILA","PENDING_APPROVAL","","OPERATOR_APPROVAL_REQUIRED","Carparks.xlsx Sheet1 row 33; Carparks.xlsx Sheet1 row 33; exitpassdb_v1.2 objects/reference-data/sites.philippine-lgus.seed.sql at 1e307c2bd56c2738a92cdd87571f6caeeaf07b3d","OPERATOR_WORKBOOK_AND_CANONICAL_JURISDICTION","Proposed current assignment; future SQL must require an approved effective date and remain non-operational until separately activated."
"56788a61-83a6-5e87-a6dd-7f807c7fbedb","922704c2-3bab-5b16-9a92-43868cec7950","SM-MPLACE-BASEMENT","79893901-65d3-7c29-0099-25e937a7c8c9","QUEZON_CITY","PENDING_APPROVAL","","OPERATOR_APPROVAL_REQUIRED","Carparks.xlsx Sheet1 row 30; Carparks.xlsx Sheet1 row 30; exitpassdb_v1.2 objects/reference-data/sites.philippine-lgus.seed.sql at 1e307c2bd56c2738a92cdd87571f6caeeaf07b3d","OPERATOR_WORKBOOK_AND_CANONICAL_JURISDICTION","Proposed current assignment; future SQL must require an approved effective date and remain non-operational until separately activated."
"b3151dc4-7f2a-5eb5-8d9f-577d15e230aa","bc791bf8-6a3e-5618-82f6-ee15daf78db3","SM-MPLACE-STREET","79893901-65d3-7c29-0099-25e937a7c8c9","QUEZON_CITY","PENDING_APPROVAL","","OPERATOR_APPROVAL_REQUIRED","Carparks.xlsx Sheet1 row 31; Carparks.xlsx Sheet1 row 31; exitpassdb_v1.2 objects/reference-data/sites.philippine-lgus.seed.sql at 1e307c2bd56c2738a92cdd87571f6caeeaf07b3d","OPERATOR_WORKBOOK_AND_CANONICAL_JURISDICTION","Proposed current assignment; future SQL must require an approved effective date and remain non-operational until separately activated."
"29d3fd35-4f69-5aaa-b0a3-d31d01efd30c","92611558-2c89-53ff-9ac7-9fb39c83df79","TALAMBAN-TIMES-SQUARE","42689eb0-66a8-04bb-96fd-c8d32caad475","CEBU_CITY","PENDING_APPROVAL","","OPERATOR_APPROVAL_REQUIRED","Carparks.xlsx Sheet1 row 45; Carparks.xlsx Sheet1 row 45; exitpassdb_v1.2 objects/reference-data/sites.philippine-lgus.seed.sql at 1e307c2bd56c2738a92cdd87571f6caeeaf07b3d; FDA registry lists Talamban Times Square in Cebu City","OFFICIAL_GOVERNMENT_REGISTRY","Proposed current assignment; future SQL must require an approved effective date and remain non-operational until separately activated."
"2da1f031-0799-59f1-8ae4-6d5a36cd4e78","0d5b8df7-f4e3-58bf-a768-e6c3378f6b92","TEKTITE-TOWERS","20650612-8f91-3b4a-bba8-5d8afe29ef5a","PASIG","PENDING_APPROVAL","","OPERATOR_APPROVAL_REQUIRED","Carparks.xlsx Sheet1 row 6; Carparks.xlsx Sheet1 row 6; exitpassdb_v1.2 objects/reference-data/sites.philippine-lgus.seed.sql at 1e307c2bd56c2738a92cdd87571f6caeeaf07b3d","OPERATOR_WORKBOOK_AND_CANONICAL_JURISDICTION","Proposed current assignment; future SQL must require an approved effective date and remain non-operational until separately activated."
"173eab83-e3d3-56ac-82b1-57c75b625fad","7c80cf1d-a3fc-5f36-9b53-d06cd093b628","TORDESILLAS","557b0a76-8ffe-0818-d342-5b86dba06705","MAKATI","PENDING_APPROVAL","","OPERATOR_APPROVAL_REQUIRED","Carparks.xlsx Sheet1 row 32; Carparks.xlsx Sheet1 row 32; exitpassdb_v1.2 objects/reference-data/sites.philippine-lgus.seed.sql at 1e307c2bd56c2738a92cdd87571f6caeeaf07b3d","OPERATOR_WORKBOOK_AND_CANONICAL_JURISDICTION","Proposed current assignment; future SQL must require an approved effective date and remain non-operational until separately activated."
"871de9c5-9ca6-59c4-9a75-e11b2e8942f5","75674321-c7d9-51de-9c17-c59c116c6d62","UN-SQUARE-MALL","e5959354-04af-4540-9889-6e040b6cd399","MANILA","PENDING_APPROVAL","","OPERATOR_APPROVAL_REQUIRED","Carparks.xlsx Sheet1 row 35; Carparks.xlsx Sheet1 row 35; exitpassdb_v1.2 objects/reference-data/sites.philippine-lgus.seed.sql at 1e307c2bd56c2738a92cdd87571f6caeeaf07b3d","OPERATOR_WORKBOOK_AND_CANONICAL_JURISDICTION","Proposed current assignment; future SQL must require an approved effective date and remain non-operational until separately activated."
"e5123b24-b10b-5c9a-8593-4507d856b0eb","d6a7c750-0b44-540e-acf4-9d4aa2f2c7af","WOODLAND","20dcf68a-511f-8208-7dfa-1688425d4d66","MANDALUYONG","PENDING_APPROVAL","","OPERATOR_APPROVAL_REQUIRED","Carparks.xlsx Sheet1 row 22; Carparks.xlsx Sheet1 row 22; exitpassdb_v1.2 objects/reference-data/sites.philippine-lgus.seed.sql at 1e307c2bd56c2738a92cdd87571f6caeeaf07b3d","OPERATOR_WORKBOOK_AND_CANONICAL_JURISDICTION","Proposed current assignment; future SQL must require an approved effective date and remain non-operational until separately activated."
